2018-08-02 11:23:36	http://bitly.kr/jUa8	http://fl0ckfl0ck.info/11.jpg	11.jpg	0	0	4d7ab9117717ba5232ed3cd83de2ada8	f586330ae5370821782879fb76f1d378ae0f5402
2018-08-02 11:23:36	http://bitly.kr/jUa8	http://fl0ckfl0ck.info/11.jpg	11.jpg	0	0	4d7ab9117717ba5232ed3cd83de2ada8	f586330ae5370821782879fb76f1d378ae0f5402
2018-08-03 14:34:01	https://bit.ly/2OAwQWR	http://fl0ckfl0ck.info/druwa.jpg	druwa.jpg	37.498489	127.018715	0a0f314823cae545c658090187244d02	20fddbcee310d7abfdcc9f44d97314bcf1aa77b6
2018-08-04 06:13:46	https://bit.ly/2MiFMhY	http://fl0ckfl0ck.info/jul.jpg	jul.jpg	36.662941	126.622589	d89662538963f49bfaca40cbc5566da0	19e09a58bd66872797cd896a91fd4c8e7011aebb
2018-08-04 10:47:36	http://bitly.kr/huvm	http://fl0ckfl0ck.info/ga.jpg	ga.jpg	37.527790	126.904610	8bc2f709e3659e635679dce5ff9396b5	27e6b2861bf4ef028c2e1c0f9d09582c78599e39
2018-08-04 10:47:36	https://bit.ly/2MiFMhY	http://fl0ckfl0ck.info/jul.jpg	jul.jpg	36.662941	126.622589	d89662538963f49bfaca40cbc5566da0	19e09a58bd66872797cd896a91fd4c8e7011aebb
2018-08-04 11:24:24	http://bitly.kr/nZXE	http://fl0ckfl0ck.info/맛있어.jpg	맛있어.jpg	37.513062	127.058647	464e1e3242cbe60fbdb6026dc9ab32b2	56d3b886da0c997c2a04f03b16204d240d73145e
2018-08-05 13:50:00	https://hoy.kr/SvCC	http://fl0ckfl0ck.info/뽀삐.jpg	뽀삐.jpg	0	0	c99c8714a4c619aa9fc9e5e4b39f7aad	8fd801116f77f80acec53423b1c79dee9c13263c
2018-08-05 13:50:58	https://hoy.kr/N6DB	http://fl0ckfl0ck.info/私は人間の屑です.jpg	私は人間の屑です.jpg	0	0	0a794cc0b4902b767e87cfd83e5a400d	74a9280c2216560db6443c9009f02630d007e33f
2018-08-10 07:53:54	https://hoy.kr/VCei	http://fl0ckfl0ck.info/제bal.jpg	제bal.jpg	37.460190	126.440697	4840688ee1b48b3a7a016dbe40f3f82a	255d5c1fb417dc26388ef6ff5019cffb52f61ed0
2018-08-10 07:54:36	https://hoy.kr/RrN5	http://fl0ckfl0ck.info/gagisil타.jpg	gagisil타.jpg	37.460190	126.440697	0b906ea7fbf3879a836bc75805ea45ad	b347e2ae4ec3962be5ee59eaccd6d4d930bfd72d
2018-08-11 02:26:19	https://hoy.kr/sDB3	http://fl0ckfl0ck.info/dirty and rainy.jpg	dirty and rainy.jpg	14.578697	120.976196	c6201b05067b0cb92ba0088f04b124fe	35b259204becc34d6551ca4707ea00caf9b660da
